Time (s),Potential (mV)
0.0,-8.378
1.0,-8.916
2.0,-8.2
3.0,-8.124
4.0,-9.28
5.0,-9.021
6.0,-8.449
7.0,-8.626
8.0,-8.507
9.0,-8.841
10.0,-8.148
11.0,-8.189
12.0,-8.474
13.0,-8.049
14.0,-8.313
15.0,-8.844
16.0,-8.352
17.0,-8.884
18.0,-8.149
19.0,-8.52
20.0,-8.574
21.0,-8.772
22.0,-8.011
23.0,-8.562
24.0,-8.671
25.0,-8.641
26.0,-8.287
27.0,-8.354
28.0,-8.335
29.0,-8.328
30.0,-7.643
31.0,-8.663
32.0,-8.705
33.0,-8.826
34.0,-8.254
35.0,-8.048
36.0,-8.546
37.0,-8.836
38.0,-8.83
39.0,-8.24
40.0,-8.203
41.0,-8.283
42.0,-8.766
43.0,-8.407
44.0,-8.453
45.0,-8.413
46.0,-8.151
47.0,-8.411
48.0,-8.228
49.0,-8.473
50.0,-8.384
51.0,-7.997
52.0,-8.583
53.0,-7.878
54.0,-7.688
55.0,-7.506
56.0,-7.11
57.0,-6.152
58.0,-6.846
59.0,-5.863
60.0,-6.673
61.0,-5.884
62.0,-5.435
63.0,-5.016
64.0,-4.716
65.0,-4.433
66.0,-4.639
67.0,-4.435
68.0,-3.657
69.0,-3.827
70.0,-4.01
71.0,-3.953
72.0,-3.868
73.0,-3.301
74.0,-3.443
75.0,-3.224
76.0,-3.671
77.0,-3.437
78.0,-3.25
79.0,-3.624
80.0,-3.317
81.0,-3.765
82.0,-3.645
83.0,-3.653
84.0,-3.978
85.0,-3.305
86.0,-3.688
87.0,-3.495
88.0,-3.308
89.0,-3.321
90.0,-3.234
91.0,-3.539
92.0,-3.669
93.0,-3.532
94.0,-4.175
95.0,-4.079
96.0,-4.029
97.0,-3.899
98.0,-3.34
99.0,-3.862
100.0,-3.651
101.0,-2.98
102.0,-3.643
103.0,-3.205
104.0,-3.873
105.0,-3.582
106.0,-3.88
107.0,-3.636
108.0,-3.164
109.0,-4.191
110.0,-3.326
111.0,-2.36
112.0,-1.648
113.0,-0.943
114.0,0.709
115.0,1.513
116.0,2.863
117.0,3.824
118.0,5.501
119.0,5.809
120.0,6.541
121.0,8.067
122.0,9.128
123.0,10.629
124.0,11.464
125.0,12.318
126.0,13.805
127.0,13.789
128.0,15.054
129.0,15.984
130.0,17.244
131.0,16.849
132.0,17.654
133.0,17.311
134.0,16.812
135.0,16.994
136.0,17.525
137.0,17.735
138.0,18.199
139.0,18.566
140.0,17.566
141.0,17.004
142.0,16.547
143.0,17.507
144.0,17.075
145.0,17.234
146.0,17.155
147.0,17.344
148.0,17.826
149.0,17.463
150.0,17.337
151.0,16.986
152.0,16.73
153.0,17.205
154.0,17.378
155.0,18.107
156.0,17.452
157.0,17.793
158.0,17.2
159.0,16.926
160.0,17.014
161.0,17.11
162.0,18.251
163.0,17.071
164.0,17.735
165.0,17.039
166.0,17.773
167.0,17.554
168.0,17.337
169.0,17.384
170.0,17.138
171.0,20.478
172.0,23.018
173.0,25.61
174.0,28.489
175.0,31.969
176.0,35.432
177.0,37.764
178.0,40.553
179.0,43.614
180.0,46.922
181.0,49.388
182.0,52.036
183.0,55.543
184.0,58.172
185.0,61.514
186.0,63.873
187.0,66.21
188.0,69.053
189.0,73.16
190.0,76.089
191.0,75.328
192.0,75.247
193.0,75.985
194.0,74.957
195.0,75.042
196.0,75.657
197.0,75.242
198.0,75.398
199.0,75.335
200.0,75.535
201.0,75.963
202.0,75.436
203.0,75.658
204.0,74.58
205.0,75.381
206.0,75.063
207.0,74.912
208.0,75.049
209.0,75.266
210.0,75.766
211.0,74.869
212.0,75.412
213.0,75.206
214.0,75.269
215.0,75.801
216.0,75.615
217.0,75.935
218.0,75.338
219.0,75.122
220.0,75.31
221.0,75.497
222.0,75.471
223.0,74.966
224.0,75.436
225.0,75.491
226.0,76.407
227.0,76.151
228.0,75.059
229.0,75.285
230.0,74.815
231.0,78.064
232.0,81.326
233.0,84.582
234.0,86.708
235.0,89.638
236.0,91.941
237.0,95.635
238.0,98.175
239.0,101.288
240.0,104.049
241.0,107.262
242.0,109.497
243.0,112.513
244.0,116.852
245.0,118.385
246.0,121.361
247.0,125.435
248.0,128.762
249.0,130.031
250.0,133.253
251.0,133.537
252.0,134.091
253.0,133.005
254.0,133.302
255.0,133.711
256.0,133.574
257.0,133.25
258.0,133.346
259.0,132.85
260.0,133.305
261.0,133.293
262.0,133.493
263.0,133.178
264.0,133.589
265.0,133.805
266.0,133.462
267.0,133.541
268.0,133.421
269.0,133.4
270.0,133.111
271.0,133.527
272.0,133.361
273.0,134.237
274.0,134.029
275.0,133.554
276.0,133.095
277.0,132.955
278.0,133.876
279.0,133.505
280.0,133.592
281.0,132.702
282.0,133.771
283.0,133.582
284.0,132.956
285.0,133.211
286.0,133.505
287.0,133.421
288.0,133.283
289.0,133.359
290.0,133.299
291.0,136.361
292.0,139.789
293.0,141.073
294.0,144.905
295.0,147.971
296.0,150.918
297.0,153.551
298.0,155.897
299.0,159.631
300.0,163.091
301.0,164.686
302.0,168.546
303.0,170.969
304.0,173.975
305.0,176.479
306.0,179.666
307.0,183.22
308.0,185.833
309.0,189.193
310.0,191.871
311.0,191.576
312.0,192.098
313.0,191.576
314.0,191.731
315.0,191.281
316.0,191.427
317.0,191.121
318.0,191.796
319.0,190.929
320.0,191.713
321.0,191.324
322.0,191.868
323.0,191.7
324.0,192.128
325.0,191.692
326.0,190.771
327.0,191.373
328.0,190.931
329.0,191.193
330.0,192.004
331.0,191.655
332.0,191.12
333.0,190.995
334.0,191.413
335.0,190.913
336.0,191.132
337.0,191.525
338.0,191.862
339.0,191.644
340.0,190.483
341.0,191.522
342.0,191.429
343.0,191.566
344.0,192.046
345.0,190.575
346.0,191.164
347.0,191.636
348.0,190.767
349.0,191.99
350.0,191.547
